ts,open,high,low,close,volume
2023-05-04,15.970000267028809,16.100000381469727,15.470000267028809,15.489999771118164,25195351
2023-05-05,15.569999694824219,15.8100004196167,15.390000343322754,15.430000305175781,14762996
2023-05-08,15.479999542236328,15.579999923706055,15.180000305175781,15.399999618530273,13111619
2023-05-09,15.399999618530273,16.049999237060547,15.270000457763672,15.319999694824219,24751986
2023-05-10,15.319999694824219,15.449999809265137,14.989999771118164,15.140000343322754,14735789
2023-05-11,15.140000343322754,15.260000228881836,14.899999618530273,14.960000038146973,15052031
2023-05-12,14.90999984741211,15.079999923706055,14.760000228881836,14.800000190734863,11197484
2023-05-15,14.760000228881836,14.819999694824219,14.460000038146973,14.819999694824219,19381734
2023-05-16,14.829999923706055,14.859999656677246,14.479999542236328,14.720000267028809,14766444
2023-05-17,14.739999771118164,14.890000343322754,14.59000015258789,14.8100004196167,13897271
2023-05-18,14.84000015258789,15.1899995803833,14.779999732971191,15.010000228881836,20872076
2023-05-19,15.010000228881836,15.149999618530273,14.850000381469727,15.100000381469727,15798661
2023-05-22,15.210000038146973,15.380000114440918,15.029999732971191,15.149999618530273,13878511
2023-05-23,15.140000343322754,15.239999771118164,15.010000228881836,15.079999923706055,12408558
2023-05-24,15.0,15.25,14.859999656677246,15.069999694824219,10629209
2023-05-25,15.079999923706055,15.25,14.819999694824219,15.0600004196167,11758610
2023-05-26,14.699999809265137,14.760000228881836,14.5,14.6899995803833,9441376
2023-05-29,14.819999694824219,15.25,14.720000267028809,15.069999694824219,24706912
2023-05-30,15.069999694824219,15.25,14.880000114440918,15.25,20418906
2023-05-31,15.289999961853027,15.369999885559082,15.069999694824219,15.260000228881836,17346502
2023-06-01,15.180000305175781,15.399999618530273,15.079999923706055,15.170000076293945,14662992
2023-06-02,15.229999542236328,15.329999923706055,15.029999732971191,15.15999984741211,13608813
2023-06-05,15.15999984741211,15.329999923706055,15.100000381469727,15.220000267028809,13812846
2023-06-06,15.15999984741211,15.210000038146973,14.699999809265137,14.75,14154933
2023-06-07,14.779999732971191,14.880000114440918,14.630000114440918,14.699999809265137,8346547
2023-06-08,14.670000076293945,14.6899995803833,14.420000076293945,14.569999694824219,9625587
2023-06-09,14.579999923706055,14.880000114440918,14.4399995803833,14.829999923706055,11732056
2023-06-12,14.850000381469727,15.09000015258789,14.75,14.920000076293945,14487979
2023-06-13,14.930000305175781,15.199999809265137,14.819999694824219,15.170000076293945,15702035
2023-06-14,15.170000076293945,15.229999542236328,14.970000267028809,15.180000305175781,13678117
2023-06-15,15.180000305175781,15.270000457763672,15.020000457763672,15.140000343322754,14229848
2023-06-16,15.140000343322754,15.470000267028809,15.130000114440918,15.399999618530273,21737462
2023-06-19,15.399999618530273,16.31999969482422,15.09000015258789,16.110000610351562,54583116
2023-06-20,16.06999969482422,16.06999969482422,15.25,15.300000190734863,50908228
2023-06-21,15.210000038146973,15.260000228881836,14.59000015258789,14.59000015258789,35618693
2023-06-26,14.5,14.569999694824219,13.670000076293945,13.699999809265137,34297023
2023-06-27,13.699999809265137,14.270000457763672,13.670000076293945,14.199999809265137,23223312
2023-06-28,14.180000305175781,14.199999809265137,13.670000076293945,13.90999984741211,17321516
2023-06-29,13.890000343322754,14.0,13.8100004196167,13.859999656677246,12856744
2023-06-30,13.829999923706055,14.25,13.829999923706055,14.199999809265137,21142991
2023-07-03,14.210000038146973,14.470000267028809,14.170000076293945,14.380000114440918,15928402
2023-07-04,14.4399995803833,14.819999694824219,14.329999923706055,14.760000228881836,20822533
2023-07-05,14.760000228881836,15.739999771118164,14.729999542236328,15.289999961853027,42043409
2023-07-06,15.34000015258789,15.869999885559082,15.199999809265137,15.510000228881836,34462758
2023-07-07,15.5,15.640000343322754,14.800000190734863,15.0,26000824
2023-07-10,15.149999618530273,15.199999809265137,14.770000457763672,14.8100004196167,16512161
2023-07-11,14.84000015258789,15.239999771118164,14.789999961853027,15.109999656677246,15217323
2023-07-12,15.079999923706055,15.229999542236328,14.890000343322754,14.930000305175781,14018713
2023-07-13,15.0,15.390000343322754,14.9399995803833,15.359999656677246,18844785
2023-07-14,15.449999809265137,15.800000190734863,15.350000381469727,15.579999923706055,22948351
2023-07-17,15.649999618530273,16.3799991607666,15.630000114440918,16.1299991607666,39782754
2023-07-18,16.059999465942383,16.399999618530273,16.0,16.149999618530273,28072271
2023-07-19,16.149999618530273,16.25,15.869999885559082,15.9399995803833,17431713
2023-07-20,16.0,16.049999237060547,15.40999984741211,15.449999809265137,17485765
2023-07-21,15.449999809265137,15.75,15.350000381469727,15.579999923706055,13635551
2023-07-24,15.529999732971191,15.920000076293945,15.40999984741211,15.829999923706055,18045780
2023-07-25,15.979999542236328,16.860000610351562,15.880000114440918,16.5,42004579
2023-07-26,16.450000762939453,16.450000762939453,15.880000114440918,15.960000038146973,26509379
2023-07-27,15.949999809265137,16.079999923706055,15.720000267028809,15.859999656677246,24809525
2023-07-28,15.760000228881836,16.149999618530273,15.65999984741211,16.030000686645508,17113353
2023-07-31,16.110000610351562,16.229999542236328,15.859999656677246,15.930000305175781,21482951
2023-08-01,15.930000305175781,16.1200008392334,15.720000267028809,16.020000457763672,15923682
2023-08-02,15.899999618530273,16.200000762939453,15.779999732971191,15.9399995803833,15634010
2023-08-03,15.859999656677246,15.970000267028809,15.430000305175781,15.859999656677246,18824014
2023-08-04,15.880000114440918,16.239999771118164,15.880000114440918,16.0,11955325
2023-08-07,16.0,16.1299991607666,15.869999885559082,15.979999542236328,8681420
2023-08-08,15.979999542236328,16.020000457763672,15.699999809265137,15.699999809265137,8811670
2023-08-09,15.6899995803833,15.800000190734863,15.369999885559082,15.390000343322754,13663520
2023-08-10,15.380000114440918,15.869999885559082,15.25,15.770000457763672,27939804
2023-08-11,15.8100004196167,15.850000381469727,15.210000038146973,15.220000267028809,16710704
2023-08-14,15.149999618530273,15.390000343322754,14.880000114440918,15.199999809265137,13758300
2023-08-15,15.229999542236328,15.510000228881836,14.920000076293945,15.050000190734863,10250228
2023-08-16,15.050000190734863,15.109999656677246,14.729999542236328,14.729999542236328,6830736
2023-08-17,14.720000267028809,15.0,14.529999732971191,14.850000381469727,9974207
2023-08-18,14.850000381469727,15.020000457763672,14.449999809265137,14.449999809265137,9457015
2023-08-21,14.399999618530273,14.569999694824219,14.260000228881836,14.279999732971191,10049627
2023-08-22,14.40999984741211,14.800000190734863,14.3100004196167,14.770000457763672,14311849
2023-08-23,14.789999961853027,14.789999961853027,14.25,14.279999732971191,10343290
2023-08-24,14.350000381469727,14.430000305175781,14.010000228881836,14.199999809265137,13527980
2023-08-25,14.119999885559082,14.229999542236328,13.9399995803833,14.069999694824219,9101923
2023-08-28,14.770000457763672,14.930000305175781,14.15999984741211,14.210000038146973,12737413
2023-08-29,14.220000267028809,14.710000038146973,14.100000381469727,14.579999923706055,12605274
2023-08-30,14.75,15.149999618530273,14.670000076293945,14.90999984741211,15903761
2023-08-31,14.84000015258789,15.0,14.699999809265137,14.819999694824219,10592039
2023-09-01,14.859999656677246,14.949999809265137,14.729999542236328,14.779999732971191,7211000
2023-09-04,14.819999694824219,15.329999923706055,14.819999694824219,15.300000190734863,18852063
2023-09-05,15.350000381469727,15.619999885559082,15.25,15.420000076293945,15739138
2023-09-06,15.329999923706055,15.640000343322754,15.289999961853027,15.600000381469727,9850966
2023-09-07,15.520000457763672,15.539999961853027,15.270000457763672,15.319999694824219,11368107
2023-09-08,15.25,15.4399995803833,15.199999809265137,15.359999656677246,5156674
2023-09-11,15.390000343322754,15.619999885559082,15.329999923706055,15.5,19007370
2023-09-12,15.5,15.75,15.40999984741211,15.430000305175781,7533640
2023-09-13,15.449999809265137,15.460000038146973,15.100000381469727,15.260000228881836,9704796
2023-09-14,15.180000305175781,15.430000305175781,15.180000305175781,15.279999732971191,7629031
2023-09-15,15.279999732971191,15.369999885559082,15.119999885559082,15.279999732971191,11193798
2023-09-18,15.220000267028809,15.3100004196167,15.079999923706055,15.180000305175781,7890780
2023-09-19,15.220000267028809,15.220000267028809,14.949999809265137,15.15999984741211,7622335
2023-09-20,15.09000015258789,15.319999694824219,14.989999771118164,15.25,14483849
2023-09-21,15.15999984741211,15.420000076293945,15.109999656677246,15.25,18652607
2023-09-22,15.270000457763672,15.59000015258789,15.180000305175781,15.319999694824219,14129675
2023-09-25,15.319999694824219,15.40999984741211,15.050000190734863,15.239999771118164,11625752
2023-09-26,15.229999542236328,15.319999694824219,14.899999618530273,14.9399995803833,12249752
2023-09-27,14.970000267028809,15.050000190734863,14.819999694824219,14.819999694824219,15901935
2023-09-28,14.869999885559082,15.40999984741211,14.819999694824219,15.359999656677246,19292124
2023-10-09,15.350000381469727,15.4399995803833,15.149999618530273,15.300000190734863,12443507
2023-10-10,15.279999732971191,15.529999732971191,15.25,15.460000038146973,11411258
2023-10-11,15.4399995803833,16.059999465942383,15.399999618530273,15.9399995803833,23063595
2023-10-12,15.989999771118164,16.799999237060547,15.949999809265137,16.469999313354492,38721636
2023-10-13,16.40999984741211,17.31999969482422,16.350000381469727,16.899999618530273,49866076
2023-10-16,17.0,17.040000915527344,16.729999542236328,16.889999389648438,29011198
2023-10-17,16.8700008392334,16.979999542236328,16.40999984741211,16.56999969482422,24066076
2023-10-18,16.610000610351562,16.610000610351562,16.239999771118164,16.479999542236328,14519150
2023-10-19,16.309999465942383,16.6299991607666,16.299999237060547,16.350000381469727,12910315
2023-10-20,16.34000015258789,16.469999313354492,16.010000228881836,16.09000015258789,12303590
2023-10-23,16.059999465942383,16.299999237060547,15.90999984741211,16.200000762939453,14306405
2023-10-24,16.1200008392334,16.799999237060547,16.049999237060547,16.510000228881836,27976900
2023-10-25,16.530000686645508,16.68000030517578,16.350000381469727,16.5,13603620
2023-10-26,16.350000381469727,16.479999542236328,16.0,16.270000457763672,21950100
2023-10-27,16.34000015258789,17.25,16.329999923706055,17.1299991607666,38020714
2023-10-30,17.1299991607666,17.969999313354492,17.1299991607666,17.84000015258789,33878066
2023-10-31,17.84000015258789,18.0,17.549999237060547,17.59000015258789,15613051
2023-11-01,17.579999923706055,17.860000610351562,17.3799991607666,17.420000076293945,17347678
2023-11-02,17.440000534057617,17.489999771118164,17.1299991607666,17.18000030517578,13590931
2023-11-03,17.15999984741211,17.75,17.149999618530273,17.469999313354492,16742679
2023-11-06,17.600000381469727,18.1299991607666,17.299999237060547,17.75,29814668
2023-11-07,17.790000915527344,17.950000762939453,17.540000915527344,17.719999313354492,19486556
2023-11-08,17.700000762939453,17.889999389648438,17.520000457763672,17.6200008392334,12397393
2023-11-09,17.6299991607666,17.799999237060547,17.489999771118164,17.56999969482422,17413918
2023-11-10,17.510000228881836,17.68000030517578,17.43000030517578,17.59000015258789,13536109
2023-11-13,17.56999969482422,17.700000762939453,17.31999969482422,17.43000030517578,13181789
2023-11-14,17.489999771118164,17.809999465942383,17.440000534057617,17.65999984741211,16289183
2023-11-15,17.8799991607666,18.239999771118164,17.56999969482422,17.729999542236328,14003200
2023-11-16,17.670000076293945,17.799999237060547,17.5,17.510000228881836,9904278
2023-11-17,17.479999542236328,17.610000610351562,17.43000030517578,17.56999969482422,7367400
2023-11-20,17.559999465942383,17.68000030517578,17.100000381469727,17.1299991607666,19660767
2023-11-21,17.229999542236328,17.299999237060547,16.950000762939453,16.989999771118164,21243138
2023-11-22,16.940000534057617,17.1200008392334,16.860000610351562,16.860000610351562,11522920
2023-11-23,16.860000610351562,17.18000030517578,16.829999923706055,17.110000610351562,8058745
2023-11-24,17.059999465942383,17.139999389648438,16.770000457763672,16.84000015258789,11500269
2023-11-27,16.809999465942383,17.1299991607666,16.75,17.030000686645508,15540389
2023-11-28,17.0,17.31999969482422,16.90999984741211,17.1299991607666,10907542
2023-11-29,17.170000076293945,17.420000076293945,17.100000381469727,17.18000030517578,9897854
2023-11-30,17.170000076293945,17.170000076293945,16.860000610351562,17.1299991607666,9333302
2023-12-01,17.100000381469727,17.229999542236328,16.90999984741211,17.18000030517578,9773031
2023-12-04,17.149999618530273,17.270000457763672,16.860000610351562,16.8799991607666,9924893
2023-12-05,16.8799991607666,16.920000076293945,16.530000686645508,16.540000915527344,9536599
2023-12-06,16.5,16.700000762939453,16.459999084472656,16.56999969482422,7432438
2023-12-07,16.5,16.690000534057617,16.420000076293945,16.59000015258789,9192202
2023-12-08,16.59000015258789,17.049999237060547,16.56999969482422,16.8799991607666,11905001
2023-12-11,16.75,17.299999237060547,16.559999465942383,17.18000030517578,14296609
2023-12-12,17.18000030517578,17.299999237060547,17.079999923706055,17.25,11638004
2023-12-13,17.25,18.979999542236328,16.989999771118164,18.530000686645508,64265511
2023-12-14,18.100000381469727,18.899999618530273,17.770000457763672,18.0,60516869
2023-12-15,18.0,18.200000762939453,17.549999237060547,17.780000686645508,25660293
2023-12-18,17.65999984741211,17.969999313354492,17.530000686645508,17.809999465942383,22171560
2023-12-19,17.84000015258789,18.469999313354492,17.649999618530273,18.360000610351562,26519098
2023-12-20,18.350000381469727,18.350000381469727,17.84000015258789,17.860000610351562,15162685
2023-12-21,17.799999237060547,18.200000762939453,17.649999618530273,18.059999465942383,14372957
2023-12-22,18.06999969482422,18.170000076293945,17.709999084472656,17.8799991607666,10770035
2023-12-25,17.799999237060547,17.989999771118164,17.65999984741211,17.959999084472656,9864625
2023-12-26,17.860000610351562,17.860000610351562,17.34000015258789,17.510000228881836,11784681
2023-12-27,17.489999771118164,17.899999618530273,17.489999771118164,17.809999465942383,9518357
2023-12-28,17.8799991607666,18.030000686645508,17.719999313354492,17.989999771118164,14586587
2023-12-29,18.030000686645508,18.399999618530273,18.010000228881836,18.309999465942383,14898203
2024-01-02,18.329999923706055,18.350000381469727,17.799999237060547,17.889999389648438,15955503
2024-01-03,17.860000610351562,17.8799991607666,17.350000381469727,17.520000457763672,15566611
2024-01-04,17.459999084472656,17.489999771118164,17.100000381469727,17.25,15134029
2024-01-05,17.100000381469727,17.299999237060547,16.850000381469727,16.979999542236328,11543217
2024-01-08,16.889999389648438,16.950000762939453,16.5,16.540000915527344,12357809
2024-01-09,16.559999465942383,17.079999923706055,16.559999465942383,16.850000381469727,10684384
2024-01-10,16.790000915527344,16.8700008392334,16.440000534057617,16.5,12834155
2024-01-11,16.40999984741211,16.950000762939453,16.40999984741211,16.760000228881836,10474227
2024-01-12,16.68000030517578,16.75,16.3700008392334,16.43000030517578,11203111
2024-01-15,16.3799991607666,17.56999969482422,16.3799991607666,17.40999984741211,29142035
2024-01-16,17.5,17.530000686645508,16.979999542236328,17.270000457763672,12217787
2024-01-17,17.270000457763672,17.31999969482422,16.40999984741211,16.40999984741211,13390863
2024-01-18,16.34000015258789,16.670000076293945,15.859999656677246,16.56999969482422,16060856
2024-01-19,16.59000015258789,17.219999313354492,16.559999465942383,16.68000030517578,15450256
2024-01-22,16.799999237060547,16.8700008392334,16.010000228881836,16.149999618530273,15490951
2024-01-23,16.139999389648438,16.200000762939453,15.819999694824219,15.979999542236328,10980695
2024-01-24,16.0,16.149999618530273,15.40999984741211,15.829999923706055,13844430
2024-01-25,15.880000114440918,16.649999618530273,15.550000190734863,16.520000457763672,15712717
2024-01-26,16.40999984741211,16.510000228881836,15.279999732971191,15.609999656677246,34626506
2024-01-29,15.460000038146973,16.059999465942383,15.40999984741211,15.619999885559082,17459081
2024-01-30,15.279999732971191,15.289999961853027,14.640000343322754,14.729999542236328,33880816
2024-01-31,14.65999984741211,14.880000114440918,14.289999961853027,14.350000381469727,15705893
2024-02-01,14.199999809265137,14.789999961853027,14.010000228881836,14.649999618530273,18915007
2024-02-02,14.649999618530273,14.930000305175781,13.569999694824219,13.949999809265137,18150304
2024-02-05,14.0,14.079999923706055,13.100000381469727,13.75,24595902
2024-02-06,13.729999542236328,14.779999732971191,13.539999961853027,14.6899995803833,20697192
2024-02-07,14.739999771118164,15.100000381469727,14.40999984741211,14.6899995803833,22923971
2024-02-08,14.680000305175781,15.199999809265137,14.600000381469727,15.0,19213627
2024-02-19,15.300000190734863,15.720000267028809,14.920000076293945,15.680000305175781,23338124
2024-02-20,15.65999984741211,15.65999984741211,15.140000343322754,15.380000114440918,10973099
2024-02-21,15.140000343322754,15.739999771118164,15.100000381469727,15.569999694824219,12373642
2024-02-22,15.680000305175781,16.190000534057617,15.579999923706055,16.079999923706055,13523335
2024-02-23,16.219999313354492,16.43000030517578,16.0,16.290000915527344,13183937
2024-02-26,16.3799991607666,16.719999313354492,16.18000030517578,16.469999313354492,14973696
2024-02-27,16.450000762939453,17.110000610351562,16.3700008392334,17.100000381469727,14627956
2024-02-28,16.979999542236328,17.329999923706055,16.350000381469727,16.3700008392334,20176925
2024-02-29,16.65999984741211,17.260000228881836,16.59000015258789,17.149999618530273,19648859
2024-03-01,17.09000015258789,17.540000915527344,17.049999237060547,17.389999389648438,16395681
2024-03-04,17.399999618530273,17.729999542236328,17.280000686645508,17.3799991607666,19019010
2024-03-05,17.329999923706055,17.719999313354492,17.1299991607666,17.399999618530273,18651029
2024-03-06,17.34000015258789,17.489999771118164,17.049999237060547,17.31999969482422,12177591
2024-03-07,17.420000076293945,17.829999923706055,17.049999237060547,17.110000610351562,17353361
2024-03-08,17.229999542236328,18.09000015258789,17.170000076293945,17.899999618530273,23353515
2024-03-11,17.5,17.739999771118164,17.280000686645508,17.729999542236328,16055354
2024-03-12,17.670000076293945,17.90999984741211,17.280000686645508,17.59000015258789,16036410
2024-03-13,17.81999969482422,18.290000915527344,17.40999984741211,18.030000686645508,23200855
2024-03-14,18.100000381469727,18.100000381469727,17.299999237060547,17.420000076293945,23346913
2024-03-15,17.399999618530273,17.5,17.100000381469727,17.479999542236328,16402580
2024-03-18,17.520000457763672,18.600000381469727,17.520000457763672,18.450000762939453,37970753
2024-03-19,18.3700008392334,18.469999313354492,17.979999542236328,18.0,16663170
2024-03-20,18.139999389648438,19.040000915527344,18.139999389648438,18.969999313354492,46011362
2024-03-21,18.780000686645508,18.989999771118164,18.25,18.299999237060547,26481512
2024-03-22,18.290000915527344,18.479999542236328,18.0,18.190000534057617,15366493
2024-03-25,18.139999389648438,18.309999465942383,17.719999313354492,17.780000686645508,16860785
2024-03-26,17.899999618530273,18.100000381469727,17.5,17.760000228881836,13660770
2024-03-27,17.5,17.65999984741211,17.040000915527344,17.110000610351562,18597812
2024-03-28,17.110000610351562,17.760000228881836,17.040000915527344,17.540000915527344,12255327
2024-03-29,17.469999313354492,17.5,17.040000915527344,17.229999542236328,9643701
2024-04-01,17.299999237060547,17.8700008392334,16.809999465942383,17.649999618530273,21851302
2024-04-02,17.719999313354492,17.75,16.899999618530273,17.049999237060547,16886362
2024-04-03,17.059999465942383,17.219999313354492,16.81999969482422,16.8799991607666,13692582
2024-04-08,16.799999237060547,16.920000076293945,16.510000228881836,16.530000686645508,10339454
2024-04-09,16.549999237060547,16.65999984741211,16.200000762939453,16.510000228881836,12410842
2024-04-10,16.540000915527344,16.579999923706055,15.729999542236328,15.829999923706055,23831169
2024-04-11,15.760000228881836,16.049999237060547,15.579999923706055,15.699999809265137,19039587
2024-04-12,15.699999809265137,16.719999313354492,15.699999809265137,16.329999923706055,25975935
2024-04-15,16.25,16.399999618530273,15.979999542236328,16.270000457763672,17386091
2024-04-16,16.200000762939453,16.3700008392334,15.630000114440918,15.649999618530273,20557128
2024-04-17,15.800000190734863,16.40999984741211,15.800000190734863,16.389999389648438,21564572
2024-04-18,16.389999389648438,16.799999237060547,16.049999237060547,16.559999465942383,21891934
2024-04-19,16.530000686645508,16.649999618530273,16.079999923706055,16.34000015258789,18867476
2024-04-22,16.020000457763672,16.229999542236328,15.65999984741211,16.020000457763672,15961197
2024-04-23,16.059999465942383,16.280000686645508,15.649999618530273,15.75,14307848
2024-04-24,15.890000343322754,16.290000915527344,15.699999809265137,16.239999771118164,16472825
2024-04-25,16.209999084472656,16.68000030517578,16.079999923706055,16.31999969482422,14531817
2024-04-26,16.40999984741211,17.040000915527344,16.34000015258789,16.829999923706055,19050571
2024-04-29,17.93000030517578,18.510000228881836,17.899999618530273,18.510000228881836,60810093
2024-04-30,18.799999237060547,19.600000381469727,18.600000381469727,19.450000762939453,75363646
2024-05-06,19.809999465942383,19.950000762939453,19.229999542236328,19.59000015258789,42703354
2024-05-07,19.719999313354492,20.670000076293945,19.5,20.43000030517578,60125915
2024-05-08,20.399999618530273,20.399999618530273,19.90999984741211,19.969999313354492,25602626
2024-05-09,20.059999465942383,20.239999771118164,19.799999237060547,20.020000457763672,26091986
2024-05-10,20.049999237060547,20.15999984741211,19.479999542236328,19.899999618530273,24496819
2024-05-13,20.0,20.690000534057617,19.799999237060547,20.219999313354492,27317025
2024-05-14,20.260000228881836,20.489999771118164,19.899999618530273,20.15999984741211,15763316
2024-05-15,20.200000762939453,20.65999984741211,20.06999969482422,20.170000076293945,21070281
2024-05-16,20.56999969482422,20.93000030517578,20.350000381469727,20.520000457763672,28417569
2024-05-17,20.329999923706055,20.600000381469727,20.100000381469727,20.579999923706055,15743732
2024-05-20,20.5,21.200000762939453,20.40999984741211,21.020000457763672,28894146
2024-05-21,21.40999984741211,21.549999237060547,20.68000030517578,20.84000015258789,27343927
2024-05-22,20.850000381469727,20.8799991607666,20.280000686645508,20.329999923706055,26687870
2024-05-23,20.43000030517578,20.899999618530273,20.219999313354492,20.40999984741211,28093658
2024-05-24,19.989999771118164,20.440000534057617,19.700000762939453,19.799999237060547,15060293
2024-05-27,19.889999389648438,20.200000762939453,19.610000610351562,20.149999618530273,17714999
2024-05-28,20.059999465942383,20.15999984741211,19.799999237060547,19.81999969482422,12222096
2024-05-29,19.899999618530273,20.100000381469727,19.760000228881836,20.059999465942383,13789131
2024-05-30,19.920000076293945,20.229999542236328,19.639999389648438,19.950000762939453,11083721
2024-05-31,20.010000228881836,20.31999969482422,19.739999771118164,19.780000686645508,14780943
2024-06-03,19.780000686645508,20.670000076293945,19.780000686645508,20.170000076293945,24885753
2024-06-04,20.100000381469727,20.399999618530273,19.8700008392334,20.290000915527344,16719217
2024-06-05,20.350000381469727,20.6200008392334,20.299999237060547,20.360000610351562,14554647
2024-06-06,20.559999465942383,21.170000076293945,20.010000228881836,20.059999465942383,31387740
2024-06-07,20.0,20.399999618530273,19.68000030517578,19.899999618530273,20110691
2024-06-11,19.68000030517578,20.399999618530273,19.639999389648438,20.149999618530273,17712033
2024-06-12,19.940000534057617,20.559999465942383,19.920000076293945,20.15999984741211,12512219
2024-06-13,20.34000015258789,20.670000076293945,20.079999923706055,20.309999465942383,20777594
2024-06-14,20.299999237060547,21.770000457763672,20.15999984741211,21.479999542236328,45236513
2024-06-17,21.56999969482422,21.940000534057617,21.139999389648438,21.420000076293945,36936936
2024-06-18,21.399999618530273,21.780000686645508,21.219999313354492,21.440000534057617,24279143
2024-06-19,21.600000381469727,21.649999618530273,20.299999237060547,20.440000534057617,40213991
2024-06-20,20.350000381469727,20.649999618530273,20.260000228881836,20.459999084472656,24353139
2024-06-21,20.229999542236328,20.579999923706055,19.790000915527344,20.5,27243997
2024-06-24,20.290000915527344,21.15999984741211,20.290000915527344,20.540000915527344,30682221
2024-06-25,20.559999465942383,20.639999389648438,19.639999389648438,19.8799991607666,29767797
2024-06-26,20.040000915527344,20.549999237060547,19.75,20.459999084472656,16245228
2024-06-27,20.350000381469727,20.899999618530273,20.200000762939453,20.31999969482422,21588244
2024-06-28,20.200000762939453,21.43000030517578,20.15999984741211,21.059999465942383,33317879
2024-07-01,20.850000381469727,21.0,19.43000030517578,20.139999389648438,36248931
2024-07-02,20.200000762939453,20.43000030517578,19.920000076293945,20.270000457763672,25629157
2024-07-03,20.309999465942383,20.65999984741211,20.110000610351562,20.229999542236328,13448854
2024-07-04,20.350000381469727,20.75,20.190000534057617,20.309999465942383,19592582
2024-07-05,20.309999465942383,20.309999465942383,20.309999465942383,20.309999465942383,0
2024-07-08,20.020000457763672,20.329999923706055,19.899999618530273,20.110000610351562,19082850
2024-07-09,20.110000610351562,20.920000076293945,19.829999923706055,20.850000381469727,30848876
2024-07-10,21.399999618530273,22.81999969482422,21.329999923706055,22.729999542236328,61767992
2024-07-11,22.790000915527344,23.290000915527344,22.350000381469727,23.110000610351562,51799139
2024-07-12,22.600000381469727,23.049999237060547,22.260000228881836,22.809999465942383,30240552
2024-07-15,22.809999465942383,22.950000762939453,22.280000686645508,22.670000076293945,22126635
2024-07-16,22.59000015258789,23.68000030517578,22.489999771118164,23.6299991607666,44521388
2024-07-17,23.510000228881836,23.950000762939453,22.75,22.81999969482422,34637367
2024-07-18,22.399999618530273,22.690000534057617,21.6299991607666,22.43000030517578,30718792
2024-07-19,22.3700008392334,22.68000030517578,22.149999618530273,22.25,16156174
2024-07-22,22.450000762939453,22.5,22.010000228881836,22.239999771118164,19260644
2024-07-23,22.25,22.309999465942383,21.700000762939453,21.700000762939453,18041144
2024-07-24,21.59000015258789,22.049999237060547,21.360000610351562,21.469999313354492,19714955
2024-07-25,21.190000534057617,21.239999771118164,20.450000762939453,20.75,25370926
2024-07-26,20.6299991607666,20.959999084472656,20.3799991607666,20.59000015258789,23650701
2024-07-29,20.81999969482422,20.979999542236328,20.209999084472656,20.239999771118164,19632173
2024-07-30,20.229999542236328,20.229999542236328,19.25,19.290000915527344,30026456
2024-07-31,19.270000457763672,19.889999389648438,18.649999618530273,19.549999237060547,40780735
2024-08-01,19.700000762939453,19.780000686645508,19.1299991607666,19.56999969482422,30295653
2024-08-02,19.200000762939453,19.489999771118164,18.81999969482422,18.8700008392334,24872349
2024-08-05,18.610000610351562,18.860000610351562,18.079999923706055,18.100000381469727,24788973
2024-08-06,18.290000915527344,18.6200008392334,18.09000015258789,18.399999618530273,21677340
2024-08-07,18.280000686645508,18.639999389648438,18.18000030517578,18.40999984741211,12798560
2024-08-08,18.190000534057617,18.389999389648438,17.950000762939453,18.239999771118164,12845719
2024-08-09,18.399999618530273,18.93000030517578,18.360000610351562,18.649999618530273,18107601
2024-08-12,18.5,18.780000686645508,18.309999465942383,18.43000030517578,14600459
2024-08-13,18.43000030517578,18.899999618530273,18.399999618530273,18.81999969482422,14063736
2024-08-14,18.899999618530273,18.979999542236328,18.549999237060547,18.700000762939453,14922440
2024-08-15,18.65999984741211,18.81999969482422,18.3700008392334,18.5,15304189
2024-08-16,18.6299991607666,18.8700008392334,18.40999984741211,18.450000762939453,16234684
2024-08-19,18.459999084472656,18.690000534057617,18.299999237060547,18.3799991607666,12667016
2024-08-20,18.469999313354492,18.540000915527344,18.079999923706055,18.18000030517578,11195481
2024-08-21,18.149999618530273,18.700000762939453,18.100000381469727,18.489999771118164,16599549
2024-08-22,18.350000381469727,18.43000030517578,17.799999237060547,17.979999542236328,20563132
2024-08-23,17.93000030517578,18.200000762939453,17.780000686645508,18.139999389648438,14529115
2024-08-26,18.200000762939453,18.239999771118164,17.860000610351562,18.059999465942383,8775559
2024-08-27,18.010000228881836,18.040000915527344,17.59000015258789,17.690000534057617,12930169
2024-08-28,18.040000915527344,18.329999923706055,17.6299991607666,17.700000762939453,18723788
2024-08-29,17.5,17.579999923706055,16.8799991607666,17.389999389648438,26429844
2024-08-30,17.520000457763672,18.100000381469727,17.389999389648438,17.6299991607666,30737956
2024-09-02,17.700000762939453,18.030000686645508,17.25,17.350000381469727,21854360
2024-09-03,17.299999237060547,17.719999313354492,17.299999237060547,17.6200008392334,21287040
2024-09-04,17.25,17.549999237060547,16.959999084472656,17.420000076293945,15417903
2024-09-05,17.459999084472656,18.190000534057617,17.299999237060547,17.829999923706055,24028538
2024-09-06,17.799999237060547,17.899999618530273,17.270000457763672,17.309999465942383,13859550
2024-09-09,17.18000030517578,17.43000030517578,16.940000534057617,17.100000381469727,14333844
2024-09-10,17.100000381469727,17.5,16.950000762939453,17.40999984741211,18366917
2024-09-11,17.3799991607666,17.520000457763672,17.079999923706055,17.18000030517578,10326320
2024-09-12,17.489999771118164,17.610000610351562,16.920000076293945,16.920000076293945,14688932
2024-09-13,16.93000030517578,17.479999542236328,16.860000610351562,17.079999923706055,13962471
2024-09-18,17.0,17.06999969482422,16.639999389648438,16.75,12480419
2024-09-19,16.899999618530273,16.969999313354492,16.489999771118164,16.639999389648438,20150295
2024-09-20,16.600000381469727,16.969999313354492,16.469999313354492,16.8799991607666,23863798
2024-09-23,16.799999237060547,17.209999084472656,16.610000610351562,16.729999542236328,16240191
2024-09-24,16.690000534057617,17.670000076293945,16.690000534057617,17.559999465942383,27212056
2024-09-25,17.700000762939453,18.170000076293945,17.489999771118164,17.540000915527344,36173134
2024-09-26,17.489999771118164,18.06999969482422,17.25,18.06999969482422,33813865
2024-09-27,18.299999237060547,19.200000762939453,18.280000686645508,19.190000534057617,20446414
2024-09-30,20.0,20.950000762939453,19.56999969482422,20.84000015258789,52717485
2024-10-08,22.920000076293945,22.920000076293945,21.0,22.350000381469727,75527248
2024-10-09,21.5,21.729999542236328,20.280000686645508,20.3799991607666,55427501
2024-10-10,20.489999771118164,20.989999771118164,19.84000015258789,20.06999969482422,40041965
2024-10-11,20.100000381469727,20.100000381469727,18.850000381469727,19.149999618530273,33356080
2024-10-14,19.020000457763672,19.68000030517578,18.68000030517578,19.65999984741211,30751954
2024-10-15,19.59000015258789,19.799999237060547,19.100000381469727,19.149999618530273,36988688
2024-10-16,18.8700008392334,19.100000381469727,18.530000686645508,18.719999313354492,26509797
2024-10-17,18.899999618530273,19.1200008392334,18.6200008392334,18.690000534057617,21705751
2024-10-18,18.56999969482422,19.920000076293945,18.56999969482422,19.510000228881836,49750065
2024-10-21,19.829999923706055,20.290000915527344,19.260000228881836,19.790000915527344,57176390
2024-10-22,19.959999084472656,20.06999969482422,19.40999984741211,19.850000381469727,31905571
2024-10-23,19.84000015258789,20.479999542236328,19.59000015258789,19.989999771118164,41220965
2024-10-24,19.809999465942383,20.170000076293945,19.700000762939453,19.829999923706055,24558673
2024-10-25,19.899999618530273,20.110000610351562,19.700000762939453,19.969999313354492,26473071
2024-10-28,19.979999542236328,19.989999771118164,19.280000686645508,19.719999313354492,32149003
2024-10-29,19.899999618530273,20.81999969482422,19.719999313354492,20.360000610351562,66426199
2024-10-30,20.420000076293945,20.600000381469727,19.850000381469727,20.15999984741211,39943313
2024-10-31,20.079999923706055,20.719999313354492,19.739999771118164,20.559999465942383,44239919
2024-11-01,20.3799991607666,21.489999771118164,20.290000915527344,21.239999771118164,75556004
2024-11-04,21.190000534057617,21.979999542236328,21.020000457763672,21.299999237060547,51985115
2024-11-05,21.299999237060547,22.850000381469727,21.1299991607666,22.6299991607666,68489459
2024-11-06,22.709999084472656,22.8799991607666,21.700000762939453,21.889999389648438,48625611
2024-11-07,21.899999618530273,22.579999923706055,21.75,22.200000762939453,38052172
2024-11-08,22.209999084472656,22.799999237060547,22.059999465942383,22.1200008392334,31969846
2024-11-11,22.020000457763672,22.809999465942383,21.940000534057617,22.65999984741211,42011795
2024-11-12,22.65999984741211,22.68000030517578,22.049999237060547,22.280000686645508,33073211
2024-11-13,21.989999771118164,22.520000457763672,21.690000534057617,22.170000076293945,31925568
2024-11-14,21.8700008392334,22.06999969482422,21.190000534057617,21.299999237060547,23798012
2024-11-15,21.280000686645508,21.540000915527344,20.860000610351562,20.899999618530273,21666440
2024-11-18,20.979999542236328,21.329999923706055,20.469999313354492,20.709999084472656,20544847
2024-11-19,20.719999313354492,20.989999771118164,20.440000534057617,20.889999389648438,13912722
2024-11-20,20.889999389648438,21.309999465942383,20.690000534057617,21.209999084472656,20961319
2024-11-21,21.209999084472656,21.540000915527344,21.030000686645508,21.280000686645508,17440811
2024-11-22,21.25,21.479999542236328,20.68000030517578,20.719999313354492,18111653
2024-11-25,20.719999313354492,20.81999969482422,20.18000030517578,20.399999618530273,24283152
2024-11-26,20.350000381469727,20.799999237060547,20.350000381469727,20.56999969482422,16471859
2024-11-27,20.510000228881836,21.139999389648438,20.190000534057617,21.1299991607666,19409162
2024-11-28,21.100000381469727,21.25,20.8799991607666,21.059999465942383,13489477
2024-11-29,21.010000228881836,21.3700008392334,20.8799991607666,21.059999465942383,23006389
2024-12-02,21.06999969482422,21.549999237060547,21.010000228881836,21.260000228881836,20676624
2024-12-03,21.270000457763672,21.690000534057617,21.079999923706055,21.239999771118164,16680721
2024-12-04,21.299999237060547,21.440000534057617,21.0,21.200000762939453,15010286
2024-12-05,21.18000030517578,21.399999618530273,21.079999923706055,21.1200008392334,12634959
2024-12-06,21.84000015258789,22.979999542236328,21.84000015258789,22.760000228881836,65268278
2024-12-09,22.469999313354492,22.8799991607666,21.940000534057617,22.170000076293945,28277537
2024-12-10,22.649999618530273,23.049999237060547,21.799999237060547,22.81999969482422,46170630
2024-12-11,22.700000762939453,22.940000534057617,22.360000610351562,22.579999923706055,23602430
2024-12-12,22.59000015258789,23.049999237060547,22.440000534057617,22.739999771118164,21489997
2024-12-13,22.579999923706055,23.049999237060547,22.25,22.290000915527344,18705870
2024-12-16,22.399999618530273,23.799999237060547,22.31999969482422,23.600000381469727,55148252
2024-12-17,23.649999618530273,24.950000762939453,23.399999618530273,24.530000686645508,62429665
2024-12-18,24.649999618530273,24.899999618530273,23.8799991607666,24.450000762939453,32170723
2024-12-19,24.09000015258789,24.81999969482422,24.010000228881836,24.690000534057617,26738295
2024-12-20,24.530000686645508,25.15999984741211,24.299999237060547,24.739999771118164,29327046
2024-12-23,24.6200008392334,25.100000381469727,24.049999237060547,24.100000381469727,25102833
2024-12-24,24.209999084472656,24.290000915527344,23.700000762939453,24.15999984741211,21889549
2024-12-25,24.100000381469727,24.559999465942383,24.059999465942383,24.360000610351562,17577591
2024-12-26,24.260000228881836,25.959999084472656,23.899999618530273,25.81999969482422,39299778
2024-12-27,25.700000762939453,25.969999313354492,25.25,25.399999618530273,25250500
2024-12-30,25.209999084472656,25.579999923706055,24.950000762939453,25.1200008392334,25983039
2024-12-31,25.18000030517578,25.219999313354492,23.799999237060547,24.049999237060547,37215880
2025-01-02,23.989999771118164,24.3799991607666,23.270000457763672,23.469999313354492,30234008
2025-01-03,23.5,23.75,22.649999618530273,22.81999969482422,25586676
2025-01-06,22.780000686645508,23.079999923706055,22.43000030517578,22.649999618530273,20110842
2025-01-07,22.690000534057617,23.780000686645508,22.600000381469727,23.639999389648438,30888893
2025-01-08,23.5,24.479999542236328,23.299999237060547,24.270000457763672,26905245
2025-01-09,24.719999313354492,26.700000762939453,24.68000030517578,26.18000030517578,84148464
2025-01-10,26.040000915527344,26.040000915527344,25.190000534057617,25.43000030517578,53171028
2025-01-13,25.020000457763672,25.700000762939453,24.5,24.65999984741211,27821498
2025-01-14,24.65999984741211,25.559999465942383,24.350000381469727,25.450000762939453,29338226
2025-01-15,25.219999313354492,25.450000762939453,24.739999771118164,24.950000762939453,22397365
2025-01-16,25.190000534057617,25.3700008392334,24.68000030517578,24.950000762939453,23537036
2025-01-17,24.610000610351562,27.450000762939453,24.600000381469727,27.450000762939453,75717571
2025-01-20,28.360000610351562,29.889999389648438,28.15999984741211,29.059999465942383,85170773
2025-01-21,29.149999618530273,29.479999542236328,28.81999969482422,29.280000686645508,54499313
2025-01-22,29.780000686645508,31.170000076293945,29.09000015258789,30.799999237060547,73823277
2025-01-23,31.420000076293945,31.65999984741211,29.459999084472656,29.959999084472656,59316423
2025-01-24,29.889999389648438,31.31999969482422,29.479999542236328,30.6200008392334,62820786
2025-01-27,30.0,30.5,29.079999923706055,29.81999969482422,44457602
2025-02-05,29.1200008392334,29.229999542236328,26.84000015258789,26.84000015258789,61280855
2025-02-06,27.3799991607666,27.969999313354492,26.729999542236328,27.709999084472656,62339612
2025-02-07,27.799999237060547,29.299999237060547,27.790000915527344,28.850000381469727,46213417
2025-02-10,28.6299991607666,29.1299991607666,28.149999618530273,28.84000015258789,31344105
2025-02-11,28.950000762939453,29.5,28.68000030517578,29.049999237060547,28993173
2025-02-12,29.020000457763672,30.170000076293945,28.790000915527344,30.06999969482422,25583285
2025-02-13,30.0,30.56999969482422,29.40999984741211,29.610000610351562,27099000
2025-02-14,29.610000610351562,30.100000381469727,29.34000015258789,29.579999923706055,17735945
2025-02-17,29.329999923706055,32.459999084472656,29.299999237060547,32.220001220703125,39602462
2025-02-18,32.59000015258789,34.599998474121094,32.349998474121094,33.709999084472656,52872713
2025-02-19,33.0,34.09000015258789,33.0,33.83000183105469,30851481
2025-02-20,33.849998474121094,34.400001525878906,33.06999969482422,33.720001220703125,24276290
2025-02-21,33.29999923706055,35.380001068115234,33.290000915527344,34.2599983215332,31036572
2025-02-24,33.83000183105469,33.970001220703125,31.950000762939453,32.459999084472656,62551984
2025-02-25,31.459999084472656,32.0,31.040000915527344,31.229999542236328,49350757
2025-02-26,31.510000228881836,32.41999816894531,31.209999084472656,31.450000762939453,42828868
2025-02-27,31.770000457763672,32.290000915527344,30.790000915527344,31.100000381469727,37344248
2025-02-28,30.479999542236328,30.760000228881836,28.600000381469727,28.770000457763672,65085908
2025-03-03,28.670000076293945,28.799999237060547,27.59000015258789,27.90999984741211,48010443
2025-03-04,26.860000610351562,28.260000228881836,26.6200008392334,28.040000915527344,46357610
2025-03-05,28.219999313354492,29.450000762939453,28.200000762939453,28.8799991607666,32051604
2025-03-06,29.09000015258789,29.299999237060547,28.579999923706055,28.850000381469727,34153091
2025-03-07,28.559999465942383,29.18000030517578,28.3799991607666,28.700000762939453,32962054
2025-03-10,28.639999389648438,29.75,28.549999237060547,29.559999465942383,38432086
2025-03-11,29.299999237060547,30.18000030517578,29.0,29.3700008392334,37908482
2025-03-12,29.389999389648438,30.040000915527344,28.530000686645508,29.399999618530273,34916056
2025-03-13,29.479999542236328,29.899999618530273,28.8799991607666,28.93000030517578,23653806
2025-03-14,29.049999237060547,31.469999313354492,29.0,31.1200008392334,58452498
2025-03-17,31.1299991607666,31.299999237060547,29.850000381469727,30.479999542236328,35920573
2025-03-18,30.520000457763672,31.979999542236328,30.010000228881836,31.3799991607666,51504735
2025-03-19,30.600000381469727,30.600000381469727,28.239999771118164,28.239999771118164,88192570
2025-03-20,28.020000457763672,28.780000686645508,27.81999969482422,28.239999771118164,36105185
2025-03-21,28.059999465942383,28.799999237060547,27.959999084472656,28.770000457763672,38948002
2025-03-24,28.5,29.3799991607666,28.459999084472656,29.0,27641658
2025-03-25,29.1200008392334,29.219999313354492,27.479999542236328,27.579999923706055,34079895
2025-03-26,27.719999313354492,28.350000381469727,27.479999542236328,27.520000457763672,26522651
2025-03-27,27.200000762939453,28.049999237060547,26.989999771118164,27.68000030517578,27067968
2025-03-28,27.459999084472656,27.950000762939453,27.459999084472656,27.75,14979837
2025-03-31,27.75,27.84000015258789,27.0,27.209999084472656,24882400
2025-04-01,27.5,28.34000015258789,27.329999923706055,27.75,24757572
2025-04-02,27.719999313354492,28.15999984741211,27.510000228881836,27.719999313354492,15804048
2025-04-03,26.8799991607666,27.260000228881836,25.93000030517578,26.25,37514404
2025-04-07,23.6299991607666,24.049999237060547,23.6299991607666,23.6299991607666,14546200
2025-04-08,24.0,24.0,21.270000457763672,21.719999313354492,77029711
2025-04-09,21.0,22.399999618530273,20.799999237060547,21.860000610351562,51701131
2025-04-10,23.5,24.049999237060547,22.799999237060547,23.100000381469727,66030571
2025-04-11,23.079999923706055,23.690000534057617,22.700000762939453,23.329999923706055,37834093
2025-04-14,23.979999542236328,24.09000015258789,22.90999984741211,23.09000015258789,34144001
2025-04-15,23.110000610351562,23.149999618530273,22.75,22.860000610351562,18306398
2025-04-16,22.559999465942383,22.770000457763672,21.549999237060547,21.899999618530273,39688021
2025-04-17,21.799999237060547,22.530000686645508,21.68000030517578,22.389999389648438,25395366
2025-04-18,22.5,22.989999771118164,22.489999771118164,22.899999618530273,17841089
2025-04-21,23.040000915527344,23.5,22.549999237060547,23.350000381469727,20470650
2025-04-22,23.399999618530273,23.649999618530273,23.020000457763672,23.280000686645508,17390268
2025-04-23,23.790000915527344,24.1299991607666,23.510000228881836,23.799999237060547,27721657
2025-04-24,23.790000915527344,23.940000534057617,23.31999969482422,23.3799991607666,11335720
2025-04-25,23.450000762939453,24.459999084472656,23.399999618530273,23.760000228881836,26976071
2025-04-28,23.6200008392334,24.1200008392334,23.600000381469727,23.959999084472656,16433484
2025-04-29,24.260000228881836,24.799999237060547,23.969999313354492,24.110000610351562,24800528
2025-04-30,24.260000228881836,24.329999923706055,23.8799991607666,24.290000915527344,18519267
2025-05-06,24.56999969482422,25.450000762939453,24.540000915527344,25.440000534057617,31083904
2025-05-07,25.770000457763672,25.860000610351562,25.079999923706055,25.209999084472656,25122619
2025-05-08,25.270000457763672,26.350000381469727,25.219999313354492,26.149999618530273,34487606
2025-05-09,26.079999923706055,26.100000381469727,25.18000030517578,25.329999923706055,21693231
2025-05-12,25.8799991607666,26.239999771118164,25.65999984741211,26.079999923706055,23253825
2025-05-13,26.489999771118164,27.25,26.139999389648438,26.200000762939453,37280874
2025-05-14,27.0,28.809999465942383,27.0,27.780000686645508,58524295
2025-05-15,27.639999389648438,28.40999984741211,27.100000381469727,27.809999465942383,39553013
2025-05-16,27.270000457763672,28.0,27.110000610351562,27.31999969482422,24932893
2025-05-19,27.31999969482422,27.329999923706055,26.520000457763672,26.8799991607666,19633632
2025-05-20,26.90999984741211,27.3799991607666,26.649999618530273,26.90999984741211,16364600
2025-05-21,26.760000228881836,27.190000534057617,26.540000915527344,27.1200008392334,16426939
2025-05-22,27.0,27.3700008392334,26.829999923706055,27.110000610351562,11875334
2025-05-23,26.0,26.510000228881836,25.979999542236328,26.040000915527344,15557500
2025-05-26,26.290000915527344,26.600000381469727,25.899999618530273,26.329999923706055,13063629
2025-05-27,26.219999313354492,26.25,25.09000015258789,25.489999771118164,23145241
2025-05-28,25.65999984741211,26.030000686645508,25.459999084472656,25.739999771118164,14636041
2025-05-29,26.200000762939453,27.229999542236328,26.200000762939453,26.739999771118164,27918841
2025-05-30,26.360000610351562,26.520000457763672,26.010000228881836,26.200000762939453,16275628
2025-06-03,26.200000762939453,26.360000610351562,25.809999465942383,25.829999923706055,14716185
2025-06-04,26.0,27.350000381469727,26.0,27.299999237060547,29523823
2025-06-05,27.15999984741211,28.850000381469727,26.959999084472656,28.3799991607666,40129895
2025-06-06,28.280000686645508,28.5,27.899999618530273,28.25,19314243
2025-06-09,28.200000762939453,28.399999618530273,27.65999984741211,27.75,21458260
2025-06-10,27.600000381469727,27.600000381469727,26.899999618530273,27.149999618530273,19689030
2025-06-11,27.139999389648438,28.780000686645508,27.139999389648438,28.06999969482422,31613924
2025-06-12,28.020000457763672,28.479999542236328,27.950000762939453,28.149999618530273,20887671
2025-06-13,28.040000915527344,28.700000762939453,27.8799991607666,28.0,19360452
2025-06-16,27.989999771118164,29.200000762939453,27.989999771118164,28.600000381469727,28544896
2025-06-17,28.799999237060547,28.799999237060547,27.889999389648438,28.030000686645508,17807549
2025-06-18,28.010000228881836,30.290000915527344,28.0,29.75,57013180
2025-06-19,29.799999237060547,30.049999237060547,29.030000686645508,29.18000030517578,27108197
2025-06-20,29.219999313354492,29.389999389648438,28.559999465942383,28.899999618530273,23378353
2025-06-23,28.68000030517578,29.5,28.309999465942383,28.770000457763672,27669427
2025-06-24,28.989999771118164,29.290000915527344,28.43000030517578,28.8799991607666,26971778
2025-06-25,29.040000915527344,29.459999084472656,28.829999923706055,29.360000610351562,24016681
2025-06-26,29.65999984741211,30.299999237060547,29.40999984741211,29.5,27833881
2025-06-27,29.479999542236328,30.290000915527344,29.399999618530273,30.149999618530273,24218109
2025-06-30,30.299999237060547,30.360000610351562,29.700000762939453,30.149999618530273,24491935
2025-07-01,30.0,30.540000915527344,29.670000076293945,30.5,23555624
2025-07-02,30.149999618530273,30.149999618530273,28.350000381469727,28.989999771118164,43551555
2025-07-03,28.68000030517578,29.950000762939453,28.670000076293945,29.8700008392334,31244592
2025-07-04,29.579999923706055,31.5,29.579999923706055,31.0,52028650
2025-07-07,30.75,31.8700008392334,30.149999618530273,30.25,33787480
2025-07-08,30.18000030517578,32.31999969482422,30.170000076293945,32.04999923706055,41750288
2025-07-09,33.0,33.470001220703125,32.41999816894531,32.83000183105469,44052566
2025-07-10,33.380001068115234,34.400001525878906,32.61000061035156,34.150001525878906,50827810
2025-07-11,33.79999923706055,33.900001525878906,32.459999084472656,32.529998779296875,39846806
2025-07-14,32.45000076293945,33.11000061035156,32.349998474121094,32.90999984741211,28679037
2025-07-15,34.54999923706055,35.88999938964844,34.310001373291016,35.70000076293945,66461617
2025-07-16,35.689998626708984,35.849998474121094,34.58000183105469,34.900001525878906,36245111
2025-07-17,34.650001525878906,37.650001525878906,34.61000061035156,37.459999084472656,57781395
2025-07-18,37.599998474121094,37.79999923706055,36.0099983215332,36.5,40420669
2025-07-21,36.5099983215332,38.9900016784668,36.220001220703125,38.40999984741211,58261091
2025-07-22,38.0099983215332,39.970001220703125,38.0,38.459999084472656,51133893
2025-07-23,38.45000076293945,38.45000076293945,37.22999954223633,38.150001525878906,29929029
2025-07-24,38.560001373291016,39.5,37.959999084472656,38.849998474121094,37116744
2025-07-25,38.5,38.95000076293945,37.5,38.04999923706055,22968893
2025-07-28,38.29999923706055,41.59000015258789,38.13999938964844,41.290000915527344,42604681
2025-07-29,41.0,42.20000076293945,40.459999084472656,41.97999954223633,41943100
2025-07-30,41.95000076293945,42.119998931884766,40.65999984741211,41.349998474121094,31868741
2025-07-31,41.97999954223633,43.630001068115234,41.97999954223633,42.91999816894531,45227497
2025-08-01,41.95000076293945,42.650001525878906,39.939998626708984,41.0,48145706
2025-08-04,40.0,41.279998779296875,39.41999816894531,41.11000061035156,40215463
2025-08-05,41.900001525878906,41.959999084472656,40.189998626708984,40.45000076293945,41381305
2025-08-06,40.29999923706055,41.79999923706055,39.97999954223633,40.31999969482422,42021749
2025-08-07,40.27000045776367,40.95000076293945,39.060001373291016,39.72999954223633,35299230
2025-08-08,39.68000030517578,40.31999969482422,39.2400016784668,39.81999969482422,27955391
2025-08-11,39.93000030517578,40.720001220703125,39.810001373291016,40.08000183105469,33062788
2025-08-12,39.880001068115234,40.75,39.81999969482422,40.20000076293945,31856461
2025-08-13,40.279998779296875,42.869998931884766,40.119998931884766,42.619998931884766,67477179
2025-08-14,41.70000076293945,41.72999954223633,40.290000915527344,40.75,49007885
2025-08-15,40.5,44.83000183105469,40.400001525878906,44.83000183105469,76578149
2025-08-18,45.650001525878906,46.029998779296875,44.25,44.689998626708984,80591311
2025-08-19,44.689998626708984,46.099998474121094,43.88999938964844,44.650001525878906,44901124
2025-08-20,43.61000061035156,44.630001068115234,41.7599983215332,44.41999816894531,43544729
2025-08-21,44.939998626708984,45.20000076293945,43.33000183105469,44.45000076293945,37492046
2025-08-22,43.7400016784668,48.439998626708984,43.7400016784668,47.61000061035156,55736283
2025-08-25,48.0,50.02000045776367,47.369998931884766,49.869998931884766,54376711
2025-08-26,49.5,50.5,48.0,48.40999984741211,42053144
2025-08-27,48.36000061035156,50.650001525878906,47.880001068115234,48.33000183105469,44847875
2025-08-28,48.400001525878906,52.779998779296875,47.61000061035156,52.5,52017158
2025-08-29,52.15999984741211,53.86000061035156,50.970001220703125,53.25,37485802
2025-09-01,52.47999954223633,54.95000076293945,52.29999923706055,54.869998931884766,42022429
2025-09-02,54.33000183105469,55.06999969482422,49.380001068115234,49.5,60759820
2025-09-03,49.709999084472656,51.58000183105469,48.650001525878906,50.9900016784668,37729814
2025-09-04,51.0099983215332,52.779998779296875,45.88999938964844,46.369998931884766,71991107
2025-09-05,46.369998931884766,49.0099983215332,45.54999923706055,48.529998779296875,56982158
2025-09-08,48.529998779296875,49.900001525878906,45.54999923706055,46.54999923706055,59454333
2025-09-09,45.79999923706055,47.04999923706055,45.11000061035156,45.880001068115234,36551995
2025-09-10,47.5,49.43000030517578,46.540000915527344,47.970001220703125,61808778
2025-09-11,49.20000076293945,52.77000045776367,49.20000076293945,52.77000045776367,56974668
2025-09-12,52.380001068115234,54.2599983215332,51.90999984741211,53.13999938964844,73359137
2025-09-15,51.5,54.900001525878906,51.06999969482422,53.7599983215332,50630565
2025-09-16,53.72999954223633,56.20000076293945,53.45000076293945,54.22999954223633,48471772
2025-09-17,53.810001373291016,54.880001068115234,52.0,53.5,38917081
2025-09-18,53.54999923706055,58.0099983215332,53.08000183105469,56.38999938964844,68554227
2025-09-19,57.20000076293945,57.68000030517578,55.400001525878906,56.0,40139645
2025-09-22,56.380001068115234,59.95000076293945,55.22999954223633,59.5,52831420
2025-09-23,62.31999969482422,62.68000030517578,56.400001525878906,58.630001068115234,59555871
2025-09-24,56.400001525878906,58.0,54.97999954223633,56.29999923706055,49404832
2025-09-25,55.290000915527344,58.18000030517578,54.79999923706055,56.31999969482422,46672251
2025-09-26,56.310001373291016,56.68000030517578,52.97999954223633,53.0,43039716
2025-09-29,52.5099983215332,54.83000183105469,52.5099983215332,54.83000183105469,33994767
2025-09-30,55.0,55.45000076293945,53.310001373291016,54.02000045776367,33628941
2025-10-09,54.5,57.029998779296875,54.29999923706055,55.560001373291016,44501361
2025-10-10,55.79999923706055,58.900001525878906,54.650001525878906,56.31999969482422,58768580
2025-10-13,53.189998626708984,60.18000030517578,53.189998626708984,57.63999938964844,54594475
2025-10-14,59.79999923706055,61.720001220703125,55.81999969482422,56.41999816894531,60079775
2025-10-15,55.599998474121094,62.060001373291016,54.810001373291016,62.060001373291016,57754703
2025-10-16,61.5,62.59000015258789,60.15999984741211,60.31999969482422,45654118
2025-10-17,60.0,60.20000076293945,54.290000915527344,54.290000915527344,55660887
2025-10-20,55.0,57.0,54.040000915527344,54.720001220703125,44144232
2025-10-21,54.720001220703125,59.709999084472656,54.11000061035156,59.02000045776367,50193872
2025-10-22,57.02000045776367,60.65999984741211,57.02000045776367,58.54999923706055,37400779
2025-10-23,57.95000076293945,58.97999954223633,55.08000183105469,55.70000076293945,31220267
2025-10-24,58.900001525878906,59.369998931884766,54.709999084472656,58.5,60249935
2025-10-27,59.61000061035156,64.3499984741211,59.08000183105469,64.3499984741211,72686258
2025-10-28,64.05000305175781,69.7300033569336,64.0,67.38999938964844,73538891
2025-10-29,69.20999908447266,71.45999908447266,67.9000015258789,69.31999969482422,59792270
2025-10-30,69.3499984741211,71.98999786376953,67.0,69.5,56907206
2025-10-31,69.9000015258789,70.5,63.79999923706055,64.30000305175781,60475705
2025-11-03,63.34000015258789,64.2699966430664,61.5,63.68000030517578,49331551
2025-11-04,61.720001220703125,65.44999694824219,61.720001220703125,63.08000183105469,50331521
2025-11-05,60.90999984741211,63.849998474121094,60.119998931884766,63.279998779296875,34552058
2025-11-06,64.18000030517578,64.76000213623047,61.77000045776367,64.4000015258789,43451158
2025-11-07,63.599998474121094,63.849998474121094,61.16999816894531,62.54999923706055,32651912
2025-11-10,62.54999923706055,63.54999923706055,57.5,59.9900016784668,68618036
2025-11-11,60.86000061035156,60.880001068115234,58.04999923706055,58.650001525878906,37674298
2025-11-12,57.52000045776367,58.869998931884766,56.880001068115234,57.86000061035156,41193284
2025-11-13,58.0,59.16999816894531,56.880001068115234,58.380001068115234,31032935
2025-11-14,56.880001068115234,57.79999923706055,56.189998626708984,56.81999969482422,25595978
2025-11-17,57.279998779296875,58.75,56.06999969482422,56.70000076293945,29549802
2025-11-18,56.20000076293945,57.97999954223633,55.619998931884766,56.25,29798101
2025-11-19,56.02000045776367,56.63999938964844,55.09000015258789,55.79999923706055,23113046
2025-11-20,57.9900016784668,58.20000076293945,55.720001220703125,55.95000076293945,31629906
2025-11-21,54.189998626708984,55.20000076293945,53.0099983215332,53.11000061035156,30642867
2025-11-24,53.27000045776367,54.2400016784668,51.70000076293945,52.66999816894531,31446500
2025-11-25,53.279998779296875,57.099998474121094,53.279998779296875,55.34000015258789,47711062
2025-11-26,54.400001525878906,58.20000076293945,54.16999816894531,57.20000076293945,50160233
2025-11-27,57.5,61.5,57.29999923706055,57.849998474121094,50311172
2025-11-28,57.38999938964844,58.900001525878906,57.0,57.68000030517578,26416215
2025-12-01,57.7400016784668,59.380001068115234,55.849998474121094,58.790000915527344,36773527
2025-12-02,58.79999923706055,60.25,57.93000030517578,58.77000045776367,29932135
2025-12-03,58.900001525878906,60.150001525878906,57.65999984741211,57.91999816894531,26085855
2025-12-04,57.560001373291016,58.310001373291016,55.63999938964844,57.20000076293945,32636810
2025-12-05,57.099998474121094,57.84000015258789,55.400001525878906,57.2599983215332,26625045
2025-12-08,57.04999923706055,60.7599983215332,56.97999954223633,59.45000076293945,45091410
2025-12-09,59.779998779296875,65.01000213623047,59.4900016784668,63.869998931884766,59770032
2025-12-10,63.18000030517578,63.5,59.720001220703125,61.900001525878906,39548109
2025-12-11,61.90999984741211,63.810001373291016,60.83000183105469,61.90999984741211,35710524
2025-12-12,61.310001373291016,61.61000061035156,58.349998474121094,61.0,40155171
2025-12-15,59.16999816894531,61.0,58.900001525878906,59.119998931884766,23906840
2025-12-16,58.880001068115234,62.880001068115234,58.630001068115234,61.5099983215332,53627939
2025-12-17,61.5099983215332,65.0,60.900001525878906,64.98999786376953,48670132
2025-12-18,63.29999923706055,63.70000076293945,61.150001525878906,61.20000076293945,36675734
2025-12-19,62.060001373291016,62.2400016784668,59.61000061035156,60.43000030517578,27294849
2025-12-22,61.0,66.05999755859375,60.9900016784668,65.56999969482422,51016638
2025-12-23,65.58000183105469,67.16999816894531,65.08999633789062,66.0,35784877
2025-12-24,66.7300033569336,72.5999984741211,64.87999725341797,72.5999984741211,51827540
2025-12-25,73.0,73.0,68.9800033569336,70.68000030517578,52615947
2025-12-26,70.68000030517578,74.80000305175781,69.18000030517578,74.5,56182737
2025-12-29,74.55999755859375,75.4000015258789,71.18000030517578,73.19999694824219,48966572
2025-12-30,72.44000244140625,73.4000015258789,70.58999633789062,70.76000213623047,39213060
2025-12-31,71.58999633789062,73.38999938964844,70.2300033569336,71.41000366210938,30841789
2026-01-05,73.5,73.86000061035156,70.94999694824219,73.25,43950266
2026-01-06,72.69999694824219,74.58000183105469,71.02999877929688,72.05000305175781,41165858
2026-01-07,71.01000213623047,74.47000122070312,69.41999816894531,72.4000015258789,45782415
2026-01-08,72.30000305175781,75.80000305175781,70.5,71.44000244140625,42676820
2026-01-09,70.0,71.41000366210938,67.91999816894531,70.62000274658203,43021249
2026-01-12,69.4000015258789,69.5199966430664,66.9000015258789,68.06999969482422,55908873
2026-01-13,67.95999908447266,69.12999725341797,65.19000244140625,66.0,48839737
2026-01-14,66.55999755859375,67.91999816894531,65.6500015258789,66.83999633789062,40115789
2026-01-15,66.0199966430664,68.54000091552734,65.87999725341797,68.33999633789062,39336145
2026-01-16,69.01000213623047,70.83999633789062,67.7300033569336,68.97000122070312,44180072
2026-01-19,67.66999816894531,70.94999694824219,66.77999877929688,70.0,41014985
2026-01-20,70.0,70.0999984741211,67.0199966430664,68.0,38879091
2026-01-21,67.5,70.29000091552734,67.16999816894531,69.2300033569336,41985034
2026-01-22,72.12000274658203,74.5,71.06999969482422,74.0999984741211,67419418
2026-01-23,75.0999984741211,75.0999984741211,70.30000305175781,70.73999786376953,50845597
2026-01-26,70.69999694824219,71.7300033569336,70.01000213623047,70.4800033569336,35603565
2026-01-27,70.25,73.80000305175781,68.56999969482422,72.79000091552734,46011976
2026-01-28,73.27999877929688,75.73999786376953,72.76000213623047,74.5199966430664,48603588
2026-01-29,74.11000061035156,74.93000030517578,68.93000030517578,69.4000015258789,50927402
2026-01-30,66.62999725341797,70.44999694824219,65.41000366210938,68.94999694824219,48396640
2026-02-02,68.26000213623047,69.69999694824219,66.5999984741211,66.86000061035156,31072893
2026-02-03,67.66999816894531,67.83999633789062,63.380001068115234,65.86000061035156,48163961
2026-02-04,64.5199966430664,65.08999633789062,62.5,64.36000061035156,35442162
2026-02-05,63.599998474121094,64.29000091552734,63.060001373291016,63.47999954223633,21371192
2026-02-06,62.7599983215332,65.20999908447266,61.099998474121094,63.040000915527344,40191958
2026-02-09,64.5,65.75,64.04000091552734,64.88999938964844,37700653
2026-02-10,64.9800033569336,66.87999725341797,64.5,65.55000305175781,35006223
2026-02-11,66.01000213623047,70.0,66.01000213623047,67.22000122070312,54974279
2026-02-12,67.2300033569336,67.2300033569336,64.51000213623047,65.81999969482422,38136977
2026-02-13,65.01000213623047,65.81999969482422,64.08999633789062,64.25,31544438
2026-02-24,65.55000305175781,68.37999725341797,65.11000061035156,67.62999725341797,47033699
2026-02-25,67.9000015258789,69.68000030517578,67.05000305175781,69.19999694824219,43025664
2026-02-26,69.30999755859375,74.5,67.83000183105469,73.0,74763885
2026-02-27,70.5,72.0,68.9000015258789,69.11000061035156,50440049
2026-03-02,67.0199966430664,69.18000030517578,67.0199966430664,68.44999694824219,38632791
2026-03-03,71.4000015258789,72.5999984741211,67.5,67.63999938964844,65659218
2026-03-04,66.62999725341797,68.16000366210938,65.0999984741211,65.87000274658203,43200766
2026-03-05,67.3499984741211,69.2300033569336,65.18000030517578,65.9800033569336,50686208
2026-03-06,65.5,65.98999786376953,63.279998779296875,64.0,39454659
2026-03-09,61.380001068115234,61.720001220703125,58.06999969482422,60.91999816894531,56177166
2026-03-10,62.400001525878906,64.48999786376953,62.36000061035156,64.41000366210938,54101852
2026-03-11,65.0,65.81999969482422,63.150001525878906,63.5,40965270
2026-03-12,63.060001373291016,65.86000061035156,61.779998779296875,62.7599983215332,38460714
2026-03-13,61.790000915527344,64.68000030517578,61.77000045776367,63.439998626708984,44342091
2026-03-16,63.75,64.91000366210938,61.72999954223633,64.38999938964844,46763473
2026-03-17,65.9000015258789,66.37000274658203,61.79999923706055,61.880001068115234,48135677
2026-03-18,62.22999954223633,64.27999877929688,61.720001220703125,63.5,44108275
2026-03-19,62.0,62.36000061035156,60.29999923706055,60.599998474121094,41592929
2026-03-20,61.0,63.20000076293945,60.20000076293945,60.220001220703125,52757644
2026-03-23,58.400001525878906,58.81999969482422,55.38999938964844,55.849998474121094,61381712
2026-03-24,56.79999923706055,56.9900016784668,55.060001373291016,56.880001068115234,40795888
2026-03-25,57.650001525878906,58.79999923706055,57.0,57.79999923706055,41720813
2026-03-26,57.880001068115234,57.9900016784668,55.20000076293945,55.40999984741211,47562699
2026-03-27,54.65999984741211,55.65999984741211,53.58000183105469,54.75,37363936
2026-03-30,53.45000076293945,55.33000183105469,53.0099983215332,55.099998474121094,30947391
2026-03-31,54.599998474121094,55.599998474121094,53.40999984741211,54.16999816894531,32352426
2026-04-01,55.54999923706055,55.97999954223633,54.54999923706055,55.099998474121094,33170513
2026-04-02,54.13999938964844,54.4900016784668,51.20000076293945,51.630001068115234,62601269
2026-04-03,52.040000915527344,53.29999923706055,52.029998779296875,52.5,39417947
2026-04-07,53.36000061035156,55.9900016784668,53.0,55.20000076293945,59448886
2026-04-08,57.0,59.11000061035156,56.68000030517578,58.97999954223633,68697521
2026-04-09,57.810001373291016,59.75,57.529998779296875,59.20000076293945,41917307
2026-04-10,60.13999938964844,62.2599983215332,59.20000076293945,61.209999084472656,60288992
2026-04-13,60.36000061035156,64.5,60.279998779296875,63.470001220703125,66870128
2026-04-14,64.5,67.66000366210938,63.279998779296875,66.81999969482422,79965981
2026-04-15,68.5,71.0,66.54000091552734,66.9000015258789,93083026
2026-04-16,67.31999969482422,68.13999938964844,66.01000213623047,67.55999755859375,53024975
2026-04-17,67.05000305175781,70.37000274658203,66.69999694824219,69.25,56873953
2026-04-20,69.27999877929688,71.48999786376953,68.73999786376953,69.80000305175781,56412671
2026-04-21,69.51000213623047,74.0,69.06999969482422,72.55000305175781,73539065
2026-04-22,72.54000091552734,76.44000244140625,72.0,76.0,67866718
2026-04-23,76.01000213623047,78.5,73.51000213623047,74.94999694824219,72571409
2026-04-24,74.19999694824219,75.69999694824219,71.55000305175781,72.62999725341797,57444807
2026-04-27,74.0,77.62999725341797,74.0,76.66999816894531,55787247
2026-04-28,77.33999633789062,78.0999984741211,74.08999633789062,76.62000274658203,62563826
2026-04-29,76.66000366210938,80.87000274658203,75.9800033569336,78.0,73641023
